<?xml version="1.0" encoding="UTF-8"?>
<root>
  <item name="com.instabug.library.core.plugin.Plugin int getState()">
    <annotation name="android.support.annotation.IntDef">
      <val name="value" val="{com.instabug.library.core.plugin.Plugin.STATE_FOREGROUND, com.instabug.library.core.plugin.Plugin.STATE_BACKGROUND, com.instabug.library.core.plugin.Plugin.STATE_PROCESSING_ATTACHMENT}" />
    </annotation>
  </item>
  <item name="com.instabug.library.core.plugin.Plugin state">
    <annotation name="android.support.annotation.IntDef">
      <val name="value" val="{com.instabug.library.core.plugin.Plugin.STATE_FOREGROUND, com.instabug.library.core.plugin.Plugin.STATE_BACKGROUND, com.instabug.library.core.plugin.Plugin.STATE_PROCESSING_ATTACHMENT}" />
    </annotation>
  </item>
  <item name="com.instabug.library.core.plugin.Plugin void setState(int) 0">
    <annotation name="android.support.annotation.IntDef">
      <val name="value" val="{com.instabug.library.core.plugin.Plugin.STATE_FOREGROUND, com.instabug.library.core.plugin.Plugin.STATE_BACKGROUND, com.instabug.library.core.plugin.Plugin.STATE_PROCESSING_ATTACHMENT}" />
    </annotation>
  </item>
  <item name="com.instabug.library.core.plugin.Plugin.PluginState">
    <annotation name="android.support.annotation.IntDef">
      <val name="value" val="{com.instabug.library.core.plugin.Plugin.STATE_FOREGROUND, com.instabug.library.core.plugin.Plugin.STATE_BACKGROUND, com.instabug.library.core.plugin.Plugin.STATE_PROCESSING_ATTACHMENT}" />
    </annotation>
  </item>
  <item name="com.instabug.library.core.plugin.PluginPromptOption com.instabug.library.core.plugin.PluginPromptOption getPromptOptionByInvocationMode(int) 0">
    <annotation name="android.support.annotation.IntDef">
      <val name="value" val="{com.instabug.library.invocation.Invocation.PROMPT_OPTIONS, com.instabug.library.invocation.Invocation.NEW_BUG, com.instabug.library.invocation.Invocation.NEW_FEEDBACK, com.instabug.library.invocation.Invocation.NEW_CHAT, com.instabug.library.invocation.Invocation.CHATS}" />
    </annotation>
  </item>
  <item name="com.instabug.library.core.plugin.PluginPromptOption int getInvocationMode()">
    <annotation name="android.support.annotation.IntDef">
      <val name="value" val="{com.instabug.library.invocation.Invocation.PROMPT_OPTIONS, com.instabug.library.invocation.Invocation.NEW_BUG, com.instabug.library.invocation.Invocation.NEW_FEEDBACK, com.instabug.library.invocation.Invocation.NEW_CHAT, com.instabug.library.invocation.Invocation.CHATS}" />
    </annotation>
  </item>
  <item name="com.instabug.library.core.plugin.PluginPromptOption invocationMode">
    <annotation name="android.support.annotation.IntDef">
      <val name="value" val="{com.instabug.library.invocation.Invocation.PROMPT_OPTIONS, com.instabug.library.invocation.Invocation.NEW_BUG, com.instabug.library.invocation.Invocation.NEW_FEEDBACK, com.instabug.library.invocation.Invocation.NEW_CHAT, com.instabug.library.invocation.Invocation.CHATS}" />
    </annotation>
  </item>
  <item name="com.instabug.library.core.plugin.PluginPromptOption void setInvocationMode(int) 0">
    <annotation name="android.support.annotation.IntDef">
      <val name="value" val="{com.instabug.library.invocation.Invocation.PROMPT_OPTIONS, com.instabug.library.invocation.Invocation.NEW_BUG, com.instabug.library.invocation.Invocation.NEW_FEEDBACK, com.instabug.library.invocation.Invocation.NEW_CHAT, com.instabug.library.invocation.Invocation.CHATS}" />
    </annotation>
  </item>
</root>

