<?xml version="1.0" encoding="UTF-8"?>
<root>
  <item name="com.bugsnag.android.Client void cacheAndNotify(java.lang.Throwable, com.bugsnag.android.Severity, com.bugsnag.android.MetaData, java.lang.String, java.lang.String) 3">
    <annotation name="android.support.annotation.StringDef">
      <val name="value" val="{com.bugsnag.android.HandledState.REASON_UNHANDLED_EXCEPTION, com.bugsnag.android.HandledState.REASON_STRICT_MODE, com.bugsnag.android.HandledState.REASON_HANDLED_EXCEPTION, com.bugsnag.android.HandledState.REASON_USER_SPECIFIED, com.bugsnag.android.HandledState.REASON_CALLBACK_SPECIFIED, com.bugsnag.android.HandledState.REASON_PROMISE_REJECTION, com.bugsnag.android.HandledState.REASON_LOG}" />
    </annotation>
  </item>
  <item name="com.bugsnag.android.Error.Builder com.bugsnag.android.Error.Builder severityReasonType(java.lang.String) 0">
    <annotation name="android.support.annotation.StringDef">
      <val name="value" val="{com.bugsnag.android.HandledState.REASON_UNHANDLED_EXCEPTION, com.bugsnag.android.HandledState.REASON_STRICT_MODE, com.bugsnag.android.HandledState.REASON_HANDLED_EXCEPTION, com.bugsnag.android.HandledState.REASON_USER_SPECIFIED, com.bugsnag.android.HandledState.REASON_CALLBACK_SPECIFIED, com.bugsnag.android.HandledState.REASON_PROMISE_REJECTION, com.bugsnag.android.HandledState.REASON_LOG}" />
    </annotation>
  </item>
  <item name="com.bugsnag.android.Error.Builder severityReasonType">
    <annotation name="android.support.annotation.StringDef">
      <val name="value" val="{com.bugsnag.android.HandledState.REASON_UNHANDLED_EXCEPTION, com.bugsnag.android.HandledState.REASON_STRICT_MODE, com.bugsnag.android.HandledState.REASON_HANDLED_EXCEPTION, com.bugsnag.android.HandledState.REASON_USER_SPECIFIED, com.bugsnag.android.HandledState.REASON_CALLBACK_SPECIFIED, com.bugsnag.android.HandledState.REASON_PROMISE_REJECTION, com.bugsnag.android.HandledState.REASON_LOG}" />
    </annotation>
  </item>
  <item name="com.bugsnag.android.HandledState com.bugsnag.android.HandledState newInstance(java.lang.String) 0">
    <annotation name="android.support.annotation.StringDef">
      <val name="value" val="{com.bugsnag.android.HandledState.REASON_UNHANDLED_EXCEPTION, com.bugsnag.android.HandledState.REASON_STRICT_MODE, com.bugsnag.android.HandledState.REASON_HANDLED_EXCEPTION, com.bugsnag.android.HandledState.REASON_USER_SPECIFIED, com.bugsnag.android.HandledState.REASON_CALLBACK_SPECIFIED, com.bugsnag.android.HandledState.REASON_PROMISE_REJECTION, com.bugsnag.android.HandledState.REASON_LOG}" />
    </annotation>
  </item>
  <item name="com.bugsnag.android.HandledState com.bugsnag.android.HandledState newInstance(java.lang.String, com.bugsnag.android.Severity, java.lang.String) 0">
    <annotation name="android.support.annotation.StringDef">
      <val name="value" val="{com.bugsnag.android.HandledState.REASON_UNHANDLED_EXCEPTION, com.bugsnag.android.HandledState.REASON_STRICT_MODE, com.bugsnag.android.HandledState.REASON_HANDLED_EXCEPTION, com.bugsnag.android.HandledState.REASON_USER_SPECIFIED, com.bugsnag.android.HandledState.REASON_CALLBACK_SPECIFIED, com.bugsnag.android.HandledState.REASON_PROMISE_REJECTION, com.bugsnag.android.HandledState.REASON_LOG}" />
    </annotation>
  </item>
  <item name="com.bugsnag.android.HandledState severityReasonType">
    <annotation name="android.support.annotation.StringDef">
      <val name="value" val="{com.bugsnag.android.HandledState.REASON_UNHANDLED_EXCEPTION, com.bugsnag.android.HandledState.REASON_STRICT_MODE, com.bugsnag.android.HandledState.REASON_HANDLED_EXCEPTION, com.bugsnag.android.HandledState.REASON_USER_SPECIFIED, com.bugsnag.android.HandledState.REASON_CALLBACK_SPECIFIED, com.bugsnag.android.HandledState.REASON_PROMISE_REJECTION, com.bugsnag.android.HandledState.REASON_LOG}" />
    </annotation>
  </item>
</root>

