<?xml version="1.0" encoding="UTF-8"?>
<root>
  <item name="com.instabug.chat.InstabugChat void setDefaultInvocationMode(int) 0">
    <annotation name="android.support.annotation.IntDef">
      <val name="value" val="{com.instabug.library.invocation.Invocation.NEW_CHAT, com.instabug.library.invocation.Invocation.CHATS}" />
    </annotation>
  </item>
  <item name="com.instabug.chat.Invocation.ChatInvocationMode">
    <annotation name="android.support.annotation.IntDef">
      <val name="value" val="{com.instabug.library.invocation.Invocation.NEW_CHAT, com.instabug.library.invocation.Invocation.CHATS}" />
    </annotation>
  </item>
</root>

